21,0.0,0.0,0.0,0.0,0.0,0.0,2.0613889694213867,2.0613889694213867,2.0613889694213867,1218_170216,1218_170216
41,0.21341936636988676,0.4268387327397735,0.0,-0.16536330927797138,0.0,-0.33072661855594276,2.1230639219284058,2.184738874435425,2.0613889694213867,1218_170219,1218_170219
61,0.13596985875240092,0.4268387327397735,-0.018929156482570757,-0.10393248735779066,0.018929156482570764,-0.33072661855594276,2.0101852416992188,2.184738874435425,1.7844278812408447,1218_170220,1218_170220
81,0.016174788421597017,0.4268387327397735,-0.3432104225708147,0.007853240124360672,0.3432104225708147,-0.33072661855594276,1.9415494799613953,2.184738874435425,1.7356421947479248,1218_170222,1218_170222
101,-0.028659057454136348,0.4268387327397735,-0.3432104225708147,0.05484503621148122,0.3432104225708147,-0.33072661855594276,2.1502553939819338,2.985079050064087,1.7356421947479248,1218_170225,1218_170225
121,-0.05488214435775554,0.4268387327397735,-0.3432104225708147,0.07960584708288675,0.3432104225708147,-0.33072661855594276,2.1614983479181924,2.985079050064087,1.7356421947479248,1218_170227,1218_170227
141,-0.10742037099384391,0.4268387327397735,-0.4226497308103741,0.12861211618681354,0.42264973081037427,-0.33072661855594276,2.091493470328195,2.985079050064087,1.671464204788208,1218_170229,1218_170229
161,-0.1628588392605822,0.4268387327397735,-0.5509281171277501,0.165875744455014,0.4267211423324172,-0.33072661855594276,2.058161675930023,2.985079050064087,1.671464204788208,1218_170231,1218_170231
181,-0.16787390611574748,0.4268387327397735,-0.5509281171277501,0.17442424180000837,0.4267211423324172,-0.33072661855594276,2.0257901085747614,2.985079050064087,1.671464204788208,1218_170233,1218_170233
201,-0.1672830172729564,0.4268387327397735,-0.5509281171277501,0.17317831938879125,0.4267211423324172,-0.33072661855594276,2.0321696043014525,2.985079050064087,1.671464204788208,1218_170235,1218_170235
221,-0.18877685261178367,0.4268387327397735,-0.5509281171277501,0.1941362181716335,0.4267211423324172,-0.33072661855594276,2.0490199002352627,2.985079050064087,1.671464204788208,1218_170237,1218_170237
241,-0.18230470748672764,0.4268387327397735,-0.5509281171277501,0.1872174592499233,0.4267211423324172,-0.33072661855594276,2.0730753739674888,2.985079050064087,1.671464204788208,1218_170239,1218_170239
261,-0.1737835273961286,0.4268387327397735,-0.5509281171277501,0.19469751986147285,0.4267211423324172,-0.33072661855594276,2.0761037789858303,2.985079050064087,1.671464204788208,1218_170241,1218_170241
281,-0.17552756672506065,0.4268387327397735,-0.5509281171277501,0.1959808406748151,0.4267211423324172,-0.33072661855594276,2.071112479482378,2.985079050064087,1.671464204788208,1218_170243,1218_170243
301,-0.1782216850897565,0.4268387327397735,-0.5509281171277501,0.19713331251458588,0.4267211423324172,-0.33072661855594276,2.0736758708953857,2.985079050064087,1.671464204788208,1218_170245,1218_170245
321,-0.15666616310498005,0.4268387327397735,-0.5509281171277501,0.17439581381575758,0.4267211423324172,-0.33072661855594276,2.0547664165496826,2.985079050064087,1.671464204788208,1218_170247,1218_170247
341,-0.159413594286117,0.4268387327397735,-0.5509281171277501,0.1761003243668488,0.4267211423324172,-0.33072661855594276,2.0379608939675724,2.985079050064087,1.671464204788208,1218_170249,1218_170249
361,-0.15877664166099004,0.4268387327397735,-0.5509281171277501,0.17560611049189634,0.4267211423324172,-0.33072661855594276,2.0287086168924966,2.985079050064087,1.671464204788208,1218_170251,1218_170251
381,-0.15816687119717662,0.4268387327397735,-0.5509281171277501,0.16821283956930858,0.4267211423324172,-0.33072661855594276,2.0173420153166117,2.985079050064087,1.671464204788208,1218_170253,1218_170253
401,-0.1604271522965332,0.4268387327397735,-0.5509281171277501,0.16997082225005858,0.4267211423324172,-0.33072661855594276,2.0031810283660887,2.985079050064087,1.671464204788208,1218_170254,1218_170254
421,-0.1589682046600512,0.4268387327397735,-0.5509281171277501,0.16957822860553629,0.4267211423324172,-0.33072661855594276,1.9857856659662156,2.985079050064087,1.63787841796875,1218_170256,1218_170256
441,-0.15230939993913892,0.4268387327397735,-0.5509281171277501,0.1624371500689201,0.4267211423324172,-0.33072661855594276,2.0649030316959727,3.726367712020874,1.63787841796875,1218_170300,1218_170300
461,-0.1606094444013857,0.4268387327397735,-0.5509281171277501,0.17029685756900248,0.4267211423324172,-0.33072661855594276,2.055810772854349,3.726367712020874,1.63787841796875,1218_170302,1218_170302
481,-0.16066592662165446,0.4268387327397735,-0.5509281171277501,0.16994969757395395,0.4267211423324172,-0.33072661855594276,2.053747018178304,3.726367712020874,1.63787841796875,1218_170304,1218_170304
501,-0.13716574024719735,0.4268387327397735,-0.5509281171277501,0.1499226449287581,0.4267211423324172,-0.33072661855594276,2.056063003540039,3.726367712020874,1.63787841796875,1218_170306,1218_170306
521,-0.12547987844281797,0.4268387327397735,-0.5509281171277501,0.13774613294431864,0.4267211423324172,-0.33072661855594276,2.0457270787312436,3.726367712020874,1.63787841796875,1218_170308,1218_170308
541,-0.12913937033559136,0.4268387327397735,-0.5509281171277501,0.1406504718096914,0.4267211423324172,-0.33072661855594276,2.0418375156543873,3.726367712020874,1.63787841796875,1218_170310,1218_170310
561,-0.1245272499664631,0.4268387327397735,-0.5509281171277501,0.135627240673631,0.4267211423324172,-0.33072661855594276,2.030137070587703,3.726367712020874,1.63787841796875,1218_170311,1218_170311
581,-0.12406462448869233,0.4268387327397735,-0.5509281171277501,0.13478185689561306,0.4267211423324172,-0.33072661855594276,2.0307954508682777,3.726367712020874,1.63787841796875,1218_170313,1218_170313
601,-0.11437358145018037,0.4268387327397735,-0.5509281171277501,0.12473357277687042,0.4267211423324172,-0.33072661855594276,2.01991662979126,3.726367712020874,1.63787841796875,1218_170315,1218_170315
621,-0.11487086114309104,0.4268387327397735,-0.5509281171277501,0.12592688835552268,0.4267211423324172,-0.33072661855594276,2.01059030717419,3.726367712020874,1.63787841796875,1218_170317,1218_170317
641,-0.10298188189839247,0.4268387327397735,-0.5509281171277501,0.11417917309441258,0.4267211423324172,-0.33072661855594276,2.004548065364361,3.726367712020874,1.63787841796875,1218_170319,1218_170319
661,-0.11318329359431897,0.4268387327397735,-0.5509281171277501,0.12096599215218247,0.4267211423324172,-0.33072661855594276,1.9993847211201985,3.726367712020874,1.63787841796875,1218_170320,1218_170320
681,-0.11418352033709003,0.4268387327397735,-0.5509281171277501,0.11844152070543386,0.4267211423324172,-0.33072661855594276,1.9935538838891422,3.726367712020874,1.63787841796875,1218_170322,1218_170322
701,-0.10218287771303144,0.4268387327397735,-0.5509281171277501,0.10631922092799402,0.4267211423324172,-0.33072661855594276,1.9864487784249443,3.726367712020874,1.63787841796875,1218_170324,1218_170324
721,-0.11055877572100435,0.4268387327397735,-0.5509281171277501,0.11458022051332908,0.4267211423324172,-0.33072661855594276,1.9795783758163452,3.726367712020874,1.63787841796875,1218_170326,1218_170326
741,-0.11576586208968918,0.4268387327397735,-0.5509281171277501,0.11698102270053409,0.4267211423324172,-0.33072661855594276,1.9823934323078878,3.726367712020874,1.63787841796875,1218_170328,1218_170328
761,-0.10433094606649804,0.4268387327397735,-0.5509281171277501,0.10551412876653124,0.4267211423324172,-0.33072661855594276,1.977401984365363,3.726367712020874,1.63787841796875,1218_170330,1218_170330
781,-0.10987576189608707,0.4268387327397735,-0.5509281171277501,0.11118209906222343,0.4267211423324172,-0.33072661855594276,2.006759527402046,3.726367712020874,1.63787841796875,1218_170333,1218_170333
801,-0.09915984417889556,0.4268387327397735,-0.5509281171277501,0.10043352291587848,0.4267211423324172,-0.33072661855594276,2.001725947856903,3.726367712020874,1.63787841796875,1218_170334,1218_170334
821,-0.11162164227983647,0.4268387327397735,-0.6100935663174727,0.11286425568177103,0.6100935663174727,-0.33072661855594276,1.9950439232151682,3.726367712020874,1.63787841796875,1218_170336,1218_170336
841,-0.11368303360653507,0.4268387327397735,-0.6100935663174727,0.11524044033811609,0.6100935663174727,-0.33072661855594276,1.9947842416309176,3.726367712020874,1.63787841796875,1218_170338,1218_170338
861,-0.11456184358257247,0.4268387327397735,-0.6100935663174727,0.11608303155295392,0.6100935663174727,-0.33072661855594276,1.9887326040933297,3.726367712020874,1.63787841796875,1218_170340,1218_170340
881,-0.11358383273544445,0.4268387327397735,-0.6100935663174727,0.11990974099947924,0.6100935663174727,-0.33072661855594276,1.9911629178307273,3.726367712020874,1.63787841796875,1218_170342,1218_170342
901,-0.11517796704026335,0.4268387327397735,-0.6100935663174727,0.12136329956509735,0.6100935663174727,-0.33072661855594276,1.9869293477800158,3.726367712020874,1.63787841796875,1218_170344,1218_170344
921,-0.11668513272879853,0.4268387327397735,-0.6100935663174727,0.12319649132988127,0.6100935663174727,-0.33072661855594276,1.9933587416358616,3.726367712020874,1.63787841796875,1218_170346,1218_170346
941,-0.12102329508394048,0.4268387327397735,-0.6100935663174727,0.12752348024410776,0.6100935663174727,-0.33072661855594276,1.9904882857140074,3.726367712020874,1.63787841796875,1218_170348,1218_170348
961,-0.10960950283761307,0.4268387327397735,-0.6100935663174727,0.1179766031857734,0.6100935663174727,-0.33072661855594276,1.9930277069409688,3.726367712020874,1.63787841796875,1218_170350,1218_170350
981,-0.11116844316492407,0.4268387327397735,-0.6100935663174727,0.1197201398848375,0.6100935663174727,-0.33072661855594276,1.9961468638206015,3.726367712020874,1.63787841796875,1218_170352,1218_170352
1001,-0.10363354480788033,0.4268387327397735,-0.6100935663174727,0.11232573708714075,0.6100935663174727,-0.33072661855594276,1.9935381460189818,3.726367712020874,1.63787841796875,1218_170354,1218_170354
1021,-0.10450246445936957,0.4268387327397735,-0.6100935663174727,0.11340179076421061,0.6100935663174727,-0.33072661855594276,1.990434866325528,3.726367712020874,1.63787841796875,1218_170356,1218_170356
1041,-0.10249280168130477,0.4268387327397735,-0.6100935663174727,0.1112209870956681,0.6100935663174727,-0.33072661855594276,1.9858558407196631,3.726367712020874,1.63787841796875,1218_170358,1218_170358
1061,-0.1033504553672015,0.4268387327397735,-0.6100935663174727,0.11227727931306501,0.6100935663174727,-0.33072661855594276,1.9843645230779108,3.726367712020874,1.63787841796875,1218_170400,1218_170400
1081,-0.10424159253773746,0.4268387327397735,-0.6100935663174727,0.11300310492904793,0.6100935663174727,-0.33072661855594276,1.9791780003794917,3.726367712020874,1.63787841796875,1218_170401,1218_170401
1101,-0.10642422102882766,0.4268387327397735,-0.6100935663174727,0.1148787445177813,0.6100935663174727,-0.33072661855594276,1.9762139016931708,3.726367712020874,1.63787841796875,1218_170403,1218_170403
1121,-0.10837984819251822,0.4268387327397735,-0.6100935663174727,0.1166356940490955,0.6100935663174727,-0.33072661855594276,2.0024680282388414,3.726367712020874,1.63787841796875,1218_170407,1218_170407
1141,-0.10773334851035017,0.4268387327397735,-0.6100935663174727,0.11957994936753362,0.6100935663174727,-0.33072661855594276,2.0035522151411627,3.726367712020874,1.63787841796875,1218_170409,1218_170409
1161,-0.10587587698430966,0.4268387327397735,-0.6100935663174727,0.11751822610257613,0.6100935663174727,-0.33072661855594276,2.0063334744552086,3.726367712020874,1.63787841796875,1218_170411,1218_170411
1181,-0.10399995890656658,0.4268387327397735,-0.6100935663174727,0.11779714762991488,0.6100935663174727,-0.33072661855594276,2.0060504897166105,3.726367712020874,1.63787841796875,1218_170413,1218_170413
1201,-0.10586561529471544,0.4268387327397735,-0.6100935663174727,0.11938832714060592,0.6100935663174727,-0.33072661855594276,2.009421141942342,3.726367712020874,1.63787841796875,1218_170415,1218_170415
1221,-0.10405137095213761,0.4268387327397735,-0.6100935663174727,0.11962744630576912,0.6100935663174727,-0.33072661855594276,2.0042984368371184,3.726367712020874,1.63787841796875,1218_170417,1218_170417
1241,-0.1094046949783723,0.4268387327397735,-0.6100935663174727,0.12239129134997927,0.6100935663174727,-0.33072661855594276,2.001919996353888,3.726367712020874,1.63787841796875,1218_170418,1218_170418
1261,-0.10766811251839814,0.4268387327397735,-0.6100935663174727,0.12044857243966214,0.6100935663174727,-0.33072661855594276,1.9974444972144232,3.726367712020874,1.63787841796875,1218_170420,1218_170420
1281,-0.10934446372373172,0.4268387327397735,-0.6100935663174727,0.12192522895872594,0.6100935663174727,-0.33072661855594276,1.994196679443121,3.726367712020874,1.63787841796875,1218_170422,1218_170422
1301,-0.10992671817180562,0.4268387327397735,-0.6100935663174727,0.12058997871263369,0.6100935663174727,-0.33072661855594276,1.9910236285283016,3.726367712020874,1.63787841796875,1218_170424,1218_170424
1321,-0.10845016942374765,0.4268387327397735,-0.6100935663174727,0.11895186541092681,0.6100935663174727,-0.33072661855594276,1.9936208616603504,3.726367712020874,1.63787841796875,1218_170426,1218_170426
1341,-0.10434394798956236,0.4268387327397735,-0.6100935663174727,0.1146889022455896,0.6100935663174727,-0.33072661855594276,1.9903299737332472,3.726367712020874,1.63787841796875,1218_170428,1218_170428
1361,-0.1061078040418879,0.4268387327397735,-0.6100935663174727,0.11618117254064537,0.6100935663174727,-0.33072661855594276,1.9883254100294674,3.726367712020874,1.63787841796875,1218_170430,1218_170430
1381,-0.11088823384676905,0.4268387327397735,-0.6100935663174727,0.11871457350450267,0.6100935663174727,-0.33072661855594276,1.9868933325228484,3.726367712020874,1.63787841796875,1218_170431,1218_170431
1401,-0.10475038840907842,0.4268387327397735,-0.6100935663174727,0.11246492321455871,0.6100935663174727,-0.33072661855594276,1.9892698219844274,3.726367712020874,1.63787841796875,1218_170434,1218_170434
1421,-0.10922784393585724,0.4268387327397735,-0.6100935663174727,0.11683372332154203,0.6100935663174727,-0.33072661855594276,1.9877856113541295,3.726367712020874,1.63787841796875,1218_170436,1218_170436
1441,-0.1102846777208078,0.4268387327397735,-0.6100935663174727,0.11778491989280249,0.6100935663174727,-0.33072661855594276,1.9844142496585846,3.726367712020874,1.63787841796875,1218_170437,1218_170437
1461,-0.11713137482487168,0.4268387327397735,-0.6100935663174727,0.1245288739534144,0.6100935663174727,-0.33072661855594276,2.000579621693859,3.726367712020874,1.63787841796875,1218_170440,1218_170440
1481,-0.12299349296409977,0.4268387327397735,-0.6100935663174727,0.12861255325583335,0.6100935663174727,-0.33072661855594276,1.9980737131995123,3.726367712020874,1.63787841796875,1218_170442,1218_170442
1501,-0.12426537055156665,0.4268387327397735,-0.6100935663174727,0.12977424245161703,0.6100935663174727,-0.33072661855594276,1.999443089167277,3.726367712020874,1.63787841796875,1218_170444,1218_170444
1521,-0.12523819564958782,0.4268387327397735,-0.6100935663174727,0.1308648973042045,0.6100935663174727,-0.33072661855594276,1.9992885558228743,3.726367712020874,1.63787841796875,1218_170446,1218_170446
1541,-0.12016268045040795,0.4268387327397735,-0.6100935663174727,0.12591859993661744,0.6100935663174727,-0.33072661855594276,1.9970656679822254,3.726367712020874,1.63787841796875,1218_170448,1218_170448
1561,-0.11862213326514631,0.4268387327397735,-0.6100935663174727,0.12430425891178902,0.6100935663174727,-0.33072661855594276,2.000432164241106,3.726367712020874,1.63787841796875,1218_170450,1218_170450
1581,-0.11573935212869278,0.4268387327397735,-0.6100935663174727,0.12252824277364581,0.6100935663174727,-0.33072661855594276,1.998499870300293,3.726367712020874,1.63787841796875,1218_170452,1218_170452
1601,-0.10895712606783696,0.4268387327397735,-0.6100935663174727,0.116862557007026,0.6100935663174727,-0.33072661855594276,1.9994910836219788,3.726367712020874,1.63787841796875,1218_170454,1218_170454
1621,-0.11012274788408971,0.4268387327397735,-0.6100935663174727,0.11793058091044924,0.6100935663174727,-0.33072661855594276,1.997409231868791,3.726367712020874,1.63787841796875,1218_170456,1218_170456
1641,-0.1110480507010624,0.4268387327397735,-0.6100935663174727,0.11897301164861344,0.6100935663174727,-0.33072661855594276,2.0006011898924663,3.726367712020874,1.63787841796875,1218_170458,1218_170458
1661,-0.11195105706461407,0.4268387327397735,-0.6100935663174727,0.11999032357380983,0.6100935663174727,-0.33072661855594276,2.0023250005331383,3.726367712020874,1.63787841796875,1218_170501,1218_170501
1681,-0.11317728959550852,0.4268387327397735,-0.6100935663174727,0.12112085055102337,0.6100935663174727,-0.33072661855594276,2.0022512674331665,3.726367712020874,1.63787841796875,1218_170503,1218_170503
1701,-0.11375126286718297,0.4268387327397735,-0.6100935663174727,0.12160137016439765,0.6100935663174727,-0.33072661855594276,2.0040404319763185,3.726367712020874,1.63787841796875,1218_170505,1218_170505
1721,-0.11503655236346803,0.4268387327397735,-0.6100935663174727,0.12270092728236259,0.6100935663174727,-0.33072661855594276,2.0020317255064497,3.726367712020874,1.63787841796875,1218_170507,1218_170507
1741,-0.11520612362285819,0.4268387327397735,-0.6100935663174727,0.12314949542526751,0.6100935663174727,-0.33072661855594276,1.999715204896598,3.726367712020874,1.63787841796875,1218_170508,1218_170508
1761,-0.11637860303650883,0.4268387327397735,-0.6100935663174727,0.1242016516470214,0.6100935663174727,-0.33072661855594276,2.001717897978696,3.726367712020874,1.63787841796875,1218_170511,1218_170511
1781,-0.11892727516610778,0.4268387327397735,-0.6100935663174727,0.1266624243540303,0.6100935663174727,-0.33072661855594276,2.012071571993024,3.726367712020874,1.63787841796875,1218_170513,1218_170513
1801,-0.11760586099759547,0.4268387327397735,-0.6100935663174727,0.12525506408342998,0.6100935663174727,-0.33072661855594276,2.0136332909266152,3.726367712020874,1.63787841796875,1218_170516,1218_170516
1821,-0.11729965384561311,0.4268387327397735,-0.6100935663174727,0.1248647997546802,0.6100935663174727,-0.33072661855594276,2.010657727063357,3.726367712020874,1.63787841796875,1218_170517,1218_170517
1841,-0.11616025000816058,0.4268387327397735,-0.6100935663174727,0.12364316607038998,0.6100935663174727,-0.33072661855594276,2.0107202322586724,3.726367712020874,1.63787841796875,1218_170519,1218_170519
1861,-0.11491121506183627,0.4268387327397735,-0.6100935663174727,0.12231366966103095,0.6100935663174727,-0.33072661855594276,2.0137739104609333,3.726367712020874,1.63787841796875,1218_170522,1218_170522
1881,-0.12028949797403043,0.4268387327397735,-0.6204698088080863,0.12568002840914666,0.6100935663174727,-0.33072661855594276,2.012843482037808,3.726367712020874,1.63787841796875,1218_170524,1218_170524
1901,-0.11902329273219853,0.4268387327397735,-0.6204698088080863,0.12435708074168197,0.6100935663174727,-0.33072661855594276,2.0147947361594754,3.726367712020874,1.63787841796875,1218_170526,1218_170526
1921,-0.12236292997315446,0.4268387327397735,-0.6204698088080863,0.12658402992146464,0.6100935663174727,-0.33072661855594276,2.0150382419427237,3.726367712020874,1.63787841796875,1218_170528,1218_170528
1941,-0.12319808010935193,0.4268387327397735,-0.6204698088080863,0.12737566356334962,0.6100935663174727,-0.33072661855594276,2.014455092321966,3.726367712020874,1.63787841796875,1218_170530,1218_170530
1961,-0.12194095684292997,0.4268387327397735,-0.6204698088080863,0.12607591189433587,0.6100935663174727,-0.33072661855594276,2.0142450989509117,3.726367712020874,1.63787841796875,1218_170532,1218_170532
1981,-0.12183156446180048,0.4268387327397735,-0.6204698088080863,0.1259247522904649,0.6100935663174727,-0.33072661855594276,2.0153057816052677,3.726367712020874,1.63787841796875,1218_170534,1218_170534
2001,-0.12612252998845996,0.4268387327397735,-0.6204698088080863,0.12893271619088442,0.6100935663174727,-0.33072661855594276,2.014347183704376,3.726367712020874,1.63787841796875,1218_170536,1218_170536
2021,-0.1301596820484605,0.4268387327397735,-0.6204698088080863,0.132969868250885,0.6100935663174727,-0.33072661855594276,2.012058322429657,3.726367712020874,1.63787841796875,1218_170538,1218_170538
2041,-0.13514336303894767,0.4268387327397735,-0.6204698088080863,0.13912171690844508,0.6100935663174727,-0.33072661855594276,2.012030470371246,3.726367712020874,1.63787841796875,1218_170540,1218_170540
2061,-0.13931364607990884,0.4268387327397735,-0.6204698088080863,0.14184228373408736,0.6100935663174727,-0.33072661855594276,2.013233439922333,3.726367712020874,1.63787841796875,1218_170542,1218_170542
2081,-0.13750119203107908,0.4268387327397735,-0.6204698088080863,0.1400298296852576,0.6100935663174727,-0.33072661855594276,2.016651711463928,3.726367712020874,1.63787841796875,1218_170544,1218_170544
2101,-0.1400519991797962,0.4268387327397735,-0.6204698088080863,0.14223245903794576,0.6100935663174727,-0.33072661855594276,2.0040791058540344,3.726367712020874,1.63787841796875,1218_170546,1218_170546
2121,-0.13948991591034177,0.4268387327397735,-0.6204698088080863,0.14181562358069752,0.6100935663174727,-0.33072661855594276,1.9993119192123414,3.726367712020874,1.63787841796875,1218_170547,1218_170547
2141,-0.13616082870391005,0.4268387327397735,-0.6204698088080863,0.1384865363742658,0.6100935663174727,-0.33072661855594276,1.9997320294380188,3.726367712020874,1.63787841796875,1218_170549,1218_170549
2161,-0.13268527246447565,0.4268387327397735,-0.6204698088080863,0.13625304988278472,0.6100935663174727,-0.33072661855594276,1.9994030022621154,3.726367712020874,1.63787841796875,1218_170551,1218_170551
2181,-0.13523607961319273,0.4268387327397735,-0.6204698088080863,0.13845567923547286,0.6100935663174727,-0.33072661855594276,1.9989418578147888,3.726367712020874,1.63787841796875,1218_170553,1218_170553
2201,-0.13824718099460218,0.4268387327397735,-0.6204698088080863,0.14146678061688234,0.6100935663174727,-0.33072661855594276,1.9952415823936462,3.726367712020874,1.63787841796875,1218_170554,1218_170554
2221,-0.13764213316030977,0.4268387327397735,-0.6204698088080863,0.1408617327825899,0.6100935663174727,-0.33072661855594276,1.9906584310531616,3.726367712020874,1.63787841796875,1218_170556,1218_170556
2241,-0.13764213316030974,0.4268387327397735,-0.6204698088080863,0.1408617327825899,0.6100935663174727,-0.33072661855594276,1.9880060505867005,3.726367712020874,1.63787841796875,1218_170558,1218_170558
2261,-0.13692683949722034,0.4268387327397735,-0.6204698088080863,0.1380171503105892,0.6100935663174727,-0.33072661855594276,1.9845566153526306,3.726367712020874,1.63787841796875,1218_170600,1218_170600
2281,-0.13697856364905167,0.4268387327397735,-0.6204698088080863,0.13792423512994967,0.6100935663174727,-0.33072661855594276,1.9833786392211914,3.726367712020874,1.63787841796875,1218_170602,1218_170602
2301,-0.1348191702270967,0.4268387327397735,-0.6204698088080863,0.13579155594723588,0.6100935663174727,-0.33072661855594276,1.979738748073578,3.726367712020874,1.63787841796875,1218_170603,1218_170603
2321,-0.13796532136410167,0.4268387327397735,-0.6204698088080863,0.1391302673600796,0.6100935663174727,-0.33072661855594276,1.9815557622909545,3.726367712020874,1.63787841796875,1218_170605,1218_170605
2341,-0.13738188526897302,0.4268387327397735,-0.6204698088080863,0.13854683126495093,0.6100935663174727,-0.33072661855594276,1.983939266204834,3.726367712020874,1.63787841796875,1218_170607,1218_170607
2361,-0.13585436790260935,0.4268387327397735,-0.6204698088080863,0.13821453248092952,0.6100935663174727,-0.33072661855594276,1.9823753023147583,3.726367712020874,1.63787841796875,1218_170609,1218_170609
2381,-0.1386089551822277,0.4268387327397735,-0.6204698088080863,0.14208969015940595,0.6100935663174727,-0.33072661855594276,1.981817991733551,3.726367712020874,1.63787841796875,1218_170611,1218_170611
2401,-0.14097151492902432,0.4268387327397735,-0.6204698088080863,0.14343740724757106,0.6100935663174727,-0.33072661855594276,1.983084840774536,3.726367712020874,1.63787841796875,1218_170613,1218_170613
2421,-0.14152682117424317,0.4268387327397735,-0.6204698088080863,0.14367334245494312,0.6100935663174727,-0.33072661855594276,1.984057776927948,3.726367712020874,1.6969361305236816,1218_170614,1218_170614
2441,-0.14140207616624337,0.4268387327397735,-0.6204698088080863,0.14354859744694332,0.6100935663174727,-0.33072661855594276,1.964512665271759,3.4464449882507324,1.6969361305236816,1218_170616,1218_170616
2461,-0.13630330527386855,0.4268387327397735,-0.6204698088080863,0.1384498265545685,0.6100935663174727,-0.33072661855594276,1.9915576767921448,4.560282230377197,1.6969361305236816,1218_170621,1218_170621
2481,-0.13359247933184337,0.4268387327397735,-0.6204698088080863,0.1366701662176749,0.6100935663174727,-0.33072661855594276,1.9898178815841674,4.560282230377197,1.6969361305236816,1218_170623,1218_170623
2501,-0.1378608666592411,0.4268387327397735,-0.6204698088080863,0.13997743240323432,0.6100935663174727,-0.33072661855594276,1.990712571144104,4.560282230377197,1.6969361305236816,1218_170625,1218_170625
2521,-0.14138073209043073,0.4268387327397735,-0.6204698088080863,0.14349729783442394,0.6100935663174727,-0.33072661855594276,1.9910429859161376,4.560282230377197,1.6969361305236816,1218_170627,1218_170627
2541,-0.14523880615812843,0.4268387327397735,-0.6204698088080863,0.14743660067450481,0.6100935663174727,-0.33072661855594276,1.98981586933136,4.560282230377197,1.6969361305236816,1218_170628,1218_170628
2561,-0.14634991726923954,0.4268387327397735,-0.6204698088080863,0.14854771178561593,0.6100935663174727,-0.33072661855594276,1.9943684720993042,4.560282230377197,1.6969361305236816,1218_170631,1218_170631
2581,-0.1473883520547259,0.4268387327397735,-0.6204698088080863,0.14958614657110228,0.6100935663174727,-0.33072661855594276,1.9932335066795348,4.560282230377197,1.6969361305236816,1218_170633,1218_170633
2601,-0.14478663139399484,0.4268387327397735,-0.6204698088080863,0.14794554705220953,0.6100935663174727,-0.33072661855594276,1.997328462600708,4.560282230377197,1.6969361305236816,1218_170635,1218_170635
2621,-0.14465631587013347,0.4268387327397735,-0.6204698088080863,0.1476488057841976,0.6100935663174727,-0.33072661855594276,2.0035729384422303,4.560282230377197,1.6969361305236816,1218_170637,1218_170637
2641,-0.1491652793815291,0.4268387327397735,-0.6204698088080863,0.15200200454872057,0.6100935663174727,-0.33072661855594276,2.0037532830238343,4.560282230377197,1.6969361305236816,1218_170639,1218_170639
2661,-0.14662897049164791,0.4268387327397735,-0.6204698088080863,0.15065466154311147,0.6100935663174727,-0.33072661855594276,2.0066550636291502,4.560282230377197,1.6969361305236816,1218_170641,1218_170641
2681,-0.14700213635029136,0.4268387327397735,-0.6204698088080863,0.15236022312093578,0.6100935663174727,-0.33072661855594276,2.0113537287712098,4.560282230377197,1.6969361305236816,1218_170643,1218_170643
2701,-0.1515108149020554,0.4268387327397735,-0.6204698088080863,0.15686890167269982,0.6100935663174727,-0.33072661855594276,2.0130583024024964,4.560282230377197,1.6969361305236816,1218_170645,1218_170645
2721,-0.1486412398374976,0.4268387327397735,-0.6204698088080863,0.15415227190183822,0.6100935663174727,-0.33072661855594276,2.018759572505951,4.560282230377197,1.6969361305236816,1218_170648,1218_170648
2741,-0.14256714452137603,0.4268387327397735,-0.6204698088080863,0.1490779156361904,0.6100935663174727,-0.33072661855594276,2.014497232437134,4.560282230377197,1.657501459121704,1218_170649,1218_170649
2761,-0.142419792304709,0.4268387327397735,-0.6204698088080863,0.14922526785285747,0.6100935663174727,-0.33072661855594276,2.0086205410957336,4.560282230377197,1.2050492763519287,1218_170650,1218_170650
2781,-0.1392140046705043,0.4268387327397735,-0.6204698088080863,0.14595961814987224,0.6100935663174727,-0.33072661855594276,1.9875152611732483,4.560282230377197,1.0118181705474854,1218_170651,1218_170651
2801,-0.146657083693366,0.4268387327397735,-0.6204698088080863,0.15072299222604563,0.6100935663174727,-0.33072661855594276,1.9776400661468505,4.560282230377197,0.817896842956543,1218_170652,1218_170652
2821,-0.1367683212737127,0.4268387327397735,-0.6204698088080863,0.14083422980639232,0.6100935663174727,-0.37878267564785806,1.9846902513504028,4.560282230377197,0.817896842956543,1218_170655,1218_170655
2841,-0.13882347255370148,0.4268387327397735,-0.6204698088080863,0.14274474175391022,0.6100935663174727,-0.37878267564785806,1.9719712829589844,4.560282230377197,0.71224045753479,1218_170655,1218_170655
2861,-0.1389284041048184,0.4268387327397735,-0.6204698088080863,0.14284967330502718,0.6100935663174727,-0.37878267564785806,1.9668787097930909,4.560282230377197,0.71224045753479,1218_170657,1218_170657
2881,-0.14002919663485638,0.4268387327397735,-0.6204698088080863,0.1420830794430568,0.6100935663174727,-0.37878267564785806,1.9570869374275208,4.560282230377197,0.71224045753479,1218_170658,1218_170658
2901,-0.14120057385140392,0.4268387327397735,-0.6204698088080863,0.14361687996587277,0.6100935663174727,-0.37878267564785806,1.9469550776481628,4.560282230377197,0.71224045753479,1218_170658,1218_170658
2921,-0.14278760218998326,0.4268387327397735,-0.6204698088080863,0.14499208298412933,0.6100935663174727,-0.37878267564785806,1.9306628894805908,4.560282230377197,0.6534626483917236,1218_170659,1218_170659
2941,-0.1415288519573574,0.4268387327397735,-0.6204698088080863,0.14367347068272288,0.6100935663174727,-0.37878267564785806,1.9217963886260987,4.560282230377197,0.6534626483917236,1218_170700,1218_170700
2961,-0.1479566327067101,0.4268387327397735,-0.6204698088080863,0.1491134160509961,0.6100935663174727,-0.37878267564785806,1.9103506231307983,4.560282230377197,0.6534626483917236,1218_170701,1218_170701
2981,-0.14952876114365973,0.4268387327397735,-0.6204698088080863,0.1505114212623051,0.6100935663174727,-0.37878267564785806,1.894879105091095,4.560282230377197,0.5987145900726318,1218_170702,1218_170702
3001,-0.15643999544547835,0.4268387327397735,-0.6204698088080863,0.15458718587056278,0.6100935663174727,-0.37878267564785806,1.8839987993240357,4.560282230377197,0.5987145900726318,1218_170702,1218_170702
3021,-0.1583926152008482,0.4268387327397735,-0.6204698088080863,0.1563472453500939,0.6100935663174727,-0.37878267564785806,1.8717569255828856,4.560282230377197,0.5987145900726318,1218_170703,1218_170703
3041,-0.16264808475579415,0.4268387327397735,-0.6204698088080863,0.15792300995835157,0.6100935663174727,-0.37878267564785806,1.8616439604759216,4.560282230377197,0.5987145900726318,1218_170704,1218_170704
3061,-0.15783363860087307,0.4268387327397735,-0.6204698088080863,0.15321070796092584,0.6100935663174727,-0.37878267564785806,1.849388518333435,4.560282230377197,0.5987145900726318,1218_170704,1218_170704
3081,-0.15975102420081977,0.4268387327397735,-0.6204698088080863,0.15512809356087254,0.6100935663174727,-0.37878267564785806,1.8384498691558837,4.560282230377197,0.5987145900726318,1218_170705,1218_170705
3101,-0.15840557270701475,0.4268387327397735,-0.6204698088080863,0.15386387083945074,0.6100935663174727,-0.37878267564785806,1.8267193341255188,4.560282230377197,0.5987145900726318,1218_170706,1218_170706
3121,-0.1557043460824969,0.4268387327397735,-0.6204698088080863,0.15634047472298604,0.6100935663174727,-0.37878267564785806,1.7984466552734375,4.560282230377197,0.5987145900726318,1218_170706,1218_170706
3141,-0.15842115664511563,0.4268387327397735,-0.6204698088080863,0.15692799647669353,0.6100935663174727,-0.37878267564785806,1.7838005495071412,4.560282230377197,0.5987145900726318,1218_170707,1218_170707
3161,-0.1628086705649547,0.4268387327397735,-0.6204698088080863,0.1613155103965326,0.6100935663174727,-0.37878267564785806,1.7692949533462525,4.560282230377197,0.5987145900726318,1218_170708,1218_170708
3181,-0.16748745501926782,0.4268387327397735,-0.6204698088080863,0.16460651599266476,0.6100935663174727,-0.37878267564785806,1.757272777557373,4.560282230377197,0.5987145900726318,1218_170708,1218_170708
3201,-0.1686717907292527,0.4268387327397735,-0.6204698088080863,0.16589299171802752,0.6100935663174727,-0.37878267564785806,1.7423431062698365,4.560282230377197,0.5987145900726318,1218_170709,1218_170709
3221,-0.17067081217256824,0.4268387327397735,-0.6204698088080863,0.16650423430316205,0.6100935663174727,-0.37878267564785806,1.73606901884079,4.560282230377197,0.5987145900726318,1218_170710,1218_170710
3241,-0.17057844899010552,0.4268387327397735,-0.6204698088080863,0.16786158733601828,0.6100935663174727,-0.37878267564785806,1.724605793952942,4.560282230377197,0.5987145900726318,1218_170711,1218_170711
3261,-0.16891178232343887,0.4268387327397735,-0.6204698088080863,0.1661949206693516,0.6100935663174727,-0.37878267564785806,1.7134026741981507,4.560282230377197,0.5987145900726318,1218_170712,1218_170712
3281,-0.1650955697601747,0.4268387327397735,-0.6204698088080863,0.16237870810608748,0.6100935663174727,-0.37878267564785806,1.7015340065956115,4.560282230377197,0.5987145900726318,1218_170712,1218_170712
3301,-0.16362365973168938,0.4268387327397735,-0.6204698088080863,0.16202736847646018,0.6100935663174727,-0.37878267564785806,1.6936129570007323,4.560282230377197,0.5987145900726318,1218_170713,1218_170713
3321,-0.16295708152112667,0.4268387327397735,-0.6204698088080863,0.1665119065347094,0.6100935663174727,-0.37878267564785806,1.6783601355552673,4.560282230377197,0.5987145900726318,1218_170714,1218_170714
3341,-0.16128878650321055,0.4268387327397735,-0.6204698088080863,0.1651383159501274,0.6100935663174727,-0.37878267564785806,1.6676756143569946,4.560282230377197,0.5987145900726318,1218_170714,1218_170714
3361,-0.15598753519268396,0.4268387327397735,-0.6204698088080863,0.15991829341198396,0.6100935663174727,-0.37878267564785806,1.6557745099067689,4.560282230377197,0.5987145900726318,1218_170715,1218_170715
3381,-0.15589517201022127,0.4268387327397735,-0.6204698088080863,0.1612756464448402,0.6100935663174727,-0.37878267564785806,1.6437920951843261,4.560282230377197,0.5987145900726318,1218_170716,1218_170716
3401,-0.1552949547216584,0.4268387327397735,-0.6204698088080863,0.16067542915627733,0.6100935663174727,-0.37878267564785806,1.6310862064361573,4.560282230377197,0.5987145900726318,1218_170717,1218_170717
3421,-0.14957210445190908,0.4268387327397735,-0.6204698088080863,0.16086044088627421,0.6100935663174727,-0.37878267564785806,1.6205545163154602,4.560282230377197,0.5987145900726318,1218_170718,1218_170718
3441,-0.148962955329677,0.4268387327397735,-0.6204698088080863,0.1602512917640421,0.6100935663174727,-0.37878267564785806,1.615261127948761,4.560282230377197,0.5987145900726318,1218_170719,1218_170719
3461,-0.14501156556309974,0.4268387327397735,-0.6204698088080863,0.15629990199746482,0.6100935663174727,-0.37878267564785806,1.5907148623466492,4.560282230377197,0.5987145900726318,1218_170719,1218_170719
3481,-0.14284601352376214,0.4268387327397735,-0.6204698088080863,0.15545184548221716,0.6100935663174727,-0.37878267564785806,1.579566159248352,4.560282230377197,0.5987145900726318,1218_170720,1218_170720
3501,-0.14343968042204305,0.4268387327397735,-0.6204698088080863,0.15491410322969942,0.6100935663174727,-0.37878267564785806,1.5688326001167296,4.560282230377197,0.5987145900726318,1218_170721,1218_170721
3521,-0.1414576796420313,0.4268387327397735,-0.6204698088080863,0.1527874631172168,0.6100935663174727,-0.37878267564785806,1.5595961356163024,4.560282230377197,0.5987145900726318,1218_170722,1218_170722
3541,-0.1487441959471917,0.4268387327397735,-0.6204698088080863,0.1599182146755046,0.6100935663174727,-0.37878267564785806,1.5474000453948975,4.560282230377197,0.5987145900726318,1218_170723,1218_170723
3561,-0.15019448478390615,0.4268387327397735,-0.6204698088080863,0.16136850351221907,0.6100935663174727,-0.37878267564785806,1.5327603912353516,4.560282230377197,0.5987145900726318,1218_170724,1218_170724
3581,-0.15387656530800328,0.4268387327397735,-0.6204698088080863,0.1629788025089487,0.6100935663174727,-0.37878267564785806,1.5230213379859925,4.560282230377197,0.5987145900726318,1218_170725,1218_170725
3601,-0.1563143254218618,0.4268387327397735,-0.6204698088080863,0.16991151611139138,0.6100935663174727,-0.37878267564785806,1.5095870041847228,4.560282230377197,0.5987145900726318,1218_170725,1218_170725
3621,-0.15373876728745584,0.4268387327397735,-0.6204698088080863,0.17248707424579734,0.6100935663174727,-0.37878267564785806,1.4984788942337035,4.560282230377197,0.5987145900726318,1218_170726,1218_170726
3641,-0.1533363695369248,0.4268387327397735,-0.6204698088080863,0.17191055326962573,0.6100935663174727,-0.37878267564785806,1.4950578093528748,4.560282230377197,0.5987145900726318,1218_170728,1218_170728
3661,-0.15369170681577074,0.4268387327397735,-0.6204698088080863,0.17442402522763853,0.6100935663174727,-0.37878267564785806,1.4815073800086975,4.560282230377197,0.5987145900726318,1218_170729,1218_170729
3681,-0.15076367375578406,0.4268387327397735,-0.6204698088080863,0.17180178056926818,0.6100935663174727,-0.37878267564785806,1.4701242876052856,4.560282230377197,0.5987145900726318,1218_170730,1218_170730
3701,-0.15257612780461383,0.4268387327397735,-0.6204698088080863,0.1736142346180979,0.6100935663174727,-0.37878267564785806,1.454722411632538,4.560282230377197,0.5987145900726318,1218_170730,1218_170730
3721,-0.14727487649408721,0.4268387327397735,-0.6204698088080863,0.16839421207995448,0.6100935663174727,-0.37878267564785806,1.4454644536972046,4.560282230377197,0.5987145900726318,1218_170731,1218_170731
3741,-0.14597698397478312,0.4268387327397735,-0.6204698088080863,0.16677694852280361,0.6100935663174727,-0.37878267564785806,1.4363183164596558,4.560282230377197,0.5987145900726318,1218_170732,1218_170732
3761,-0.14000531409806338,0.4268387327397735,-0.6204698088080863,0.1608317293369289,0.6100935663174727,-0.37878267564785806,1.4238505792617797,4.560282230377197,0.5987145900726318,1218_170733,1218_170733
3781,-0.13747061997402724,0.4268387327397735,-0.6204698088080863,0.16102507252810402,0.6100935663174727,-0.37878267564785806,1.4025232362747193,4.560282230377197,0.5987145900726318,1218_170734,1218_170734
3801,-0.1363794442088804,0.4268387327397735,-0.6204698088080863,0.16086506236808876,0.6100935663174727,-0.37878267564785806,1.390328984260559,4.560282230377197,0.5987145900726318,1218_170735,1218_170735
3821,-0.1356485351365132,0.4268387327397735,-0.6204698088080863,0.1600923972744166,0.6100935663174727,-0.37878267564785806,1.3830337023735046,4.560282230377197,0.5987145900726318,1218_170736,1218_170736
3841,-0.1355237901285134,0.4268387327397735,-0.6204698088080863,0.15996765226641677,0.6100935663174727,-0.37878267564785806,1.3732044100761414,4.560282230377197,0.5987145900726318,1218_170737,1218_170737
3861,-0.13552379012851343,0.4268387327397735,-0.6204698088080863,0.15996765226641677,0.6100935663174727,-0.37878267564785806,1.3583551526069642,4.560282230377197,0.5987145900726318,1218_170737,1218_170737
3881,-0.12936947019302467,0.4268387327397735,-0.6100935663174727,0.1555801383465777,0.6100935663174727,-0.37878267564785806,1.3474209904670715,4.560282230377197,0.5987145900726318,1218_170738,1218_170738
3901,-0.12770280352635802,0.4268387327397735,-0.6100935663174727,0.15403072758719738,0.6100935663174727,-0.37878267564785806,1.3357239603996276,4.560282230377197,0.5987145900726318,1218_170739,1218_170739
3921,-0.12546815167081216,0.4268387327397735,-0.6100935663174727,0.15281091839028302,0.6100935663174727,-0.37878267564785806,1.3238847970962524,4.560282230377197,0.5987145900726318,1218_170740,1218_170740
3941,-0.12686653096467723,0.4268387327397735,-0.6100935663174727,0.15420929768414812,0.6100935663174727,-0.37878267564785806,1.311156578063965,4.560282230377197,0.5987145900726318,1218_170741,1218_170741
3961,-0.12705582252950293,0.4268387327397735,-0.6100935663174727,0.15439858924897382,0.6100935663174727,-0.37878267564785806,1.3062866616249085,4.560282230377197,0.5987145900726318,1218_170742,1218_170742
3981,-0.1321494095064727,0.4268387327397735,-0.6204698088080863,0.1576749920577018,0.6100935663174727,-0.37878267564785806,1.2946080255508423,4.560282230377197,0.5987145900726318,1218_170743,1218_170743
4001,-0.1268294199000209,0.4268387327397735,-0.6204698088080863,0.15359707219920332,0.6100935663174727,-0.37878267564785806,1.286655101776123,4.560282230377197,0.5987145900726318,1218_170744,1218_170744
4021,-0.1257021262304883,0.4268387327397735,-0.6204698088080863,0.15246977852967075,0.6100935663174727,-0.37878267564785806,1.2762592720985413,4.560282230377197,0.5987145900726318,1218_170745,1218_170745
4041,-0.12794811188480737,0.4268387327397735,-0.6204698088080863,0.15086924569996094,0.6100935663174727,-0.37878267564785806,1.271786289215088,4.560282230377197,0.5987145900726318,1218_170747,1218_170747
4061,-0.12188678273721265,0.4268387327397735,-0.6204698088080863,0.1496611418513008,0.6100935663174727,-0.37878267564785806,1.2655426359176636,4.560282230377197,0.5987145900726318,1218_170748,1218_170748
4081,-0.12230085749217738,0.4268387327397735,-0.6204698088080863,0.15257207398013997,0.6100935663174727,-0.37878267564785806,1.2584883570671082,4.560282230377197,0.5987145900726318,1218_170750,1218_170750
4101,-0.11896799845319368,0.4268387327397735,-0.6204698088080863,0.1495585859790031,0.6100935663174727,-0.37878267564785806,1.2520884561538697,4.560282230377197,0.5987145900726318,1218_170751,1218_170751
4121,-0.1172069734918582,0.4268387327397735,-0.6204698088080863,0.15255060548810126,0.6100935663174727,-0.37878267564785806,1.2446604108810424,4.560282230377197,0.5987145900726318,1218_170752,1218_170752
4141,-0.12065684391616636,0.4268387327397735,-0.6204698088080863,0.15608094270012723,0.6100935663174727,-0.37878267564785806,1.240624327659607,4.560282230377197,0.5987145900726318,1218_170753,1218_170753
4161,-0.12041166880950356,0.4268387327397735,-0.6204698088080863,0.1587363677228462,0.6100935663174727,-0.37878267564785806,1.2308721041679382,4.560282230377197,0.5987145900726318,1218_170754,1218_170754
4181,-0.12052238661130327,0.4268387327397735,-0.6204698088080863,0.15873636772284622,0.6100935663174727,-0.37878267564785806,1.2238739562034606,4.560282230377197,0.5987145900726318,1218_170755,1218_170755
4201,-0.11932373927872364,0.4268387327397735,-0.6204698088080863,0.15753772039026656,0.6100935663174727,-0.37878267564785806,1.2135919308662415,4.560282230377197,0.5987145900726318,1218_170756,1218_170756
4221,-0.11678904515468748,0.4268387327397735,-0.6204698088080863,0.15500302626623041,0.6100935663174727,-0.37878267564785806,1.2028786301612855,4.560282230377197,0.5987145900726318,1218_170756,1218_170756
4241,-0.11234297235899358,0.4268387327397735,-0.6204698088080863,0.1511514740097072,0.6100935663174727,-0.37878267564785806,1.1907989120483398,4.560282230377197,0.5987145900726318,1218_170757,1218_170757
4261,-0.11697372391728139,0.4268387327397735,-0.6204698088080863,0.15578222556799498,0.6100935663174727,-0.37878267564785806,1.1810775685310364,4.560282230377197,0.5987145900726318,1218_170758,1218_170758
4281,-0.11637444743293343,0.4268387327397735,-0.6204698088080863,0.15495893205885333,0.6100935663174727,-0.37878267564785806,1.175800654888153,4.560282230377197,0.5987145900726318,1218_170759,1218_170759
4301,-0.1198065516586416,0.4268387327397735,-0.6204698088080863,0.15849131539121777,0.6100935663174727,-0.37878267564785806,1.1832658290863036,4.560282230377197,0.5987145900726318,1218_170802,1218_170802
4321,-0.11975504404099169,0.4268387327397735,-0.6204698088080863,0.1612110105732883,0.6100935663174727,-0.37878267564785806,1.174598536491394,4.560282230377197,0.5987145900726318,1218_170803,1218_170803
4341,-0.12381403637555474,0.4268387327397735,-0.6204698088080863,0.16425887929333083,0.6100935663174727,-0.37878267564785806,1.1667253041267396,4.560282230377197,0.5987145900726318,1218_170804,1218_170804
4361,-0.12591651449041344,0.4268387327397735,-0.6204698088080863,0.16327047296080252,0.6100935663174727,-0.37878267564785806,1.1598451042175293,4.560282230377197,0.5987145900726318,1218_170805,1218_170805
4381,-0.12314030601902415,0.4268387327397735,-0.6204698088080863,0.16049426448941323,0.6100935663174727,-0.37878267564785806,1.1502430534362793,4.560282230377197,0.5987145900726318,1218_170806,1218_170806
4401,-0.12056010753351185,0.4268387327397735,-0.6204698088080863,0.1591908110794353,0.6100935663174727,-0.37878267564785806,1.1410666370391847,4.560282230377197,0.5987145900726318,1218_170807,1218_170807
4421,-0.12333766032727671,0.4268387327397735,-0.6204698088080863,0.16196836387320013,0.6100935663174727,-0.37878267564785806,1.1342800855636597,4.560282230377197,0.5987145900726318,1218_170808,1218_170808
4441,-0.12956347987022357,0.4268387327397735,-0.6225819542946882,0.1641010430559139,0.6100935663174727,-0.37878267564785806,1.1266910910606385,4.560282230377197,0.5987145900726318,1218_170809,1218_170809
4461,-0.1331422418061038,0.4268387327397735,-0.6225819542946882,0.17045685967714264,0.6100935663174727,-0.37878267564785806,1.0927558875083923,2.492091655731201,0.5987145900726318,1218_170810,1218_170810
4481,-0.13044559081477203,0.4268387327397735,-0.6225819542946882,0.16682904308067928,0.6100935663174727,-0.37878267564785806,1.0839308857917787,2.492091655731201,0.5987145900726318,1218_170811,1218_170811
4501,-0.13322310083329408,0.4268387327397735,-0.6225819542946882,0.16844869325755765,0.6100935663174727,-0.37878267564785806,1.0709432196617126,2.492091655731201,0.5987145900726318,1218_170812,1218_170812
4521,-0.13559639937687487,0.4268387327397735,-0.6225819542946882,0.17082199180113847,0.6100935663174727,-0.37878267564785806,1.058767738342285,2.492091655731201,0.5987145900726318,1218_170813,1218_170813
4541,-0.1309457525504146,0.4268387327397735,-0.6225819542946882,0.16617134497467817,0.46891499545620574,-0.37878267564785806,1.0493197989463807,2.492091655731201,0.5987145900726318,1218_170813,1218_170813
4561,-0.12919424188797088,0.4268387327397735,-0.6225819542946882,0.1620199766123184,0.46891499545620574,-0.37878267564785806,1.035359582901001,2.492091655731201,0.5987145900726318,1218_170814,1218_170814
4581,-0.12537802932470674,0.4268387327397735,-0.6225819542946882,0.15820376404905423,0.46891499545620574,-0.37878267564785806,1.023837537765503,2.492091655731201,0.5987145900726318,1218_170815,1218_170815
4601,-0.13307852087781266,0.37878267564785817,-0.6225819542946882,0.1649431344603218,0.46891499545620574,-0.37878267564785806,1.0086607789993287,2.492091655731201,0.5962505340576172,1218_170816,1218_170816
4621,-0.13416345559167028,0.37878267564785817,-0.6225819542946882,0.16486666181347367,0.46891499545620574,-0.37878267564785806,0.9966591191291809,2.492091655731201,0.5962505340576172,1218_170817,1218_170817
4641,-0.13064359016048066,0.37878267564785817,-0.6225819542946882,0.16134679638228408,0.46891499545620574,-0.37878267564785806,0.9846343231201172,2.492091655731201,0.5962505340576172,1218_170817,1218_170817
4661,-0.12878361437172212,0.37878267564785817,-0.6225819542946882,0.15931269736788495,0.46891499545620574,-0.37878267564785806,0.9703038334846497,2.492091655731201,0.5962505340576172,1218_170818,1218_170818
4681,-0.13111340185258336,0.37878267564785817,-0.6225819542946882,0.15940534205703086,0.46891499545620574,-0.37878267564785806,0.9551622271537781,2.492091655731201,0.5962505340576172,1218_170819,1218_170819
4701,-0.13063981561340512,0.37878267564785817,-0.6225819542946882,0.15830639284994372,0.46891499545620574,-0.37878267564785806,0.9432224678993225,2.492091655731201,0.5962505340576172,1218_170820,1218_170820
4721,-0.13172627192554753,0.37878267564785817,-0.6225819542946882,0.15923990386838988,0.46891499545620574,-0.37878267564785806,0.9268152236938476,2.492091655731201,0.5962505340576172,1218_170820,1218_170820
4741,-0.13541401406111084,0.37878267564785817,-0.6225819542946882,0.16292601765270373,0.46891499545620574,-0.37878267564785806,0.9162036037445068,2.492091655731201,0.5962505340576172,1218_170821,1218_170821
4761,-0.14464982428641363,0.37878267564785817,-0.6225819542946882,0.1722672976895819,0.6301022785629461,-0.37878267564785806,0.9111972188949585,2.492091655731201,0.5962505340576172,1218_170822,1218_170822
4781,-0.14483911585123932,0.37878267564785817,-0.6225819542946882,0.1724565892544076,0.6301022785629461,-0.37878267564785806,0.9122912192344665,2.492091655731201,0.5962505340576172,1218_170823,1218_170823
4801,-0.13724868461171058,0.37878267564785817,-0.6225819542946882,0.1681403835007378,0.6301022785629461,-0.37878267564785806,0.9131274700164795,2.492091655731201,0.5962505340576172,1218_170824,1218_170824
4821,-0.14103651136818918,0.37878267564785817,-0.6225819542946882,0.17192821025721639,0.6301022785629461,-0.37878267564785806,0.8953653788566589,2.492091655731201,0.5962505340576172,1218_170824,1218_170824
4841,-0.14163011086647642,0.37878267564785817,-0.6225819542946882,0.17252180975550357,0.6301022785629461,-0.37878267564785806,0.8943692183494568,2.492091655731201,0.5962505340576172,1218_170825,1218_170825
4861,-0.14217209351269186,0.37878267564785817,-0.6225819542946882,0.17306379240171907,0.6301022785629461,-0.37878267564785806,0.8893825674057007,2.492091655731201,0.5962505340576172,1218_170826,1218_170826
4881,-0.14610192235384528,0.37878267564785817,-0.6225819542946882,0.17389566218215677,0.6301022785629461,-0.37878267564785806,0.8855290699005127,2.492091655731201,0.5962505340576172,1218_170826,1218_170826
4901,-0.14333013833149194,0.37878267564785817,-0.6225819542946882,0.17069795445964353,0.6301022785629461,-0.37878267564785806,0.8866659832000733,2.492091655731201,0.5962505340576172,1218_170827,1218_170827
4921,-0.14180165899380787,0.37878267564785817,-0.6225819542946882,0.169256300149069,0.6301022785629461,-0.37878267564785806,0.8909173345565796,2.492091655731201,0.5962505340576172,1218_170828,1218_170828
4941,-0.13985462159222903,0.37878267564785817,-0.6225819542946882,0.16730926274749017,0.6301022785629461,-0.37878267564785806,0.8878170394897461,2.492091655731201,0.5962505340576172,1218_170829,1218_170829
4961,-0.13964102863923694,0.37878267564785817,-0.6225819542946882,0.16726685692536564,0.6301022785629461,-0.37878267564785806,0.8867200827598571,2.492091655731201,0.5962505340576172,1218_170830,1218_170830
4981,-0.13941471204773348,0.37878267564785817,-0.6225819542946882,0.1670405403338622,0.6301022785629461,-0.37878267564785806,0.8878932595252991,2.492091655731201,0.5962505340576172,1218_170830,1218_170830
5001,-0.13349257582612084,0.37878267564785817,-0.6225819542946882,0.16379810905893785,0.6301022785629461,-0.37878267564785806,0.8867143940925598,2.492091655731201,0.5962505340576172,1218_170831,1218_170831
5021,-0.13346212776531036,0.37878267564785817,-0.6225819542946882,0.1623169933805199,0.6301022785629461,-0.37878267564785806,0.8926813435554505,2.492091655731201,0.5962505340576172,1218_170832,1218_170832
5041,-0.13049016334039945,0.37878267564785817,-0.6225819542946882,0.16260925285874253,0.6301022785629461,-0.37878267564785806,0.8953070330619812,2.492091655731201,0.5962505340576172,1218_170833,1218_170833
5061,-0.13566131659304922,0.37878267564785817,-0.6225819542946882,0.16784939237147636,0.6301022785629461,-0.37878267564785806,0.9121258282661437,2.492091655731201,0.5962505340576172,1218_170836,1218_170836
5081,-0.13404529856046843,0.37878267564785817,-0.6225819542946882,0.1664952767557985,0.6301022785629461,-0.37878267564785806,0.915708270072937,2.492091655731201,0.5962505340576172,1218_170837,1218_170837
5101,-0.13731407081970404,0.37878267564785817,-0.6225819542946882,0.16773054583684024,0.6301022785629461,-0.37878267564785806,0.9187924838066102,2.492091655731201,0.5962505340576172,1218_170838,1218_170838
5121,-0.1408189623805601,0.37878267564785817,-0.6225819542946882,0.1665697796807074,0.6301022785629461,-0.37878267564785806,0.9193197965621949,2.492091655731201,0.5962505340576172,1218_170838,1218_170838
5141,-0.14088431182601294,0.37878267564785817,-0.6225819542946882,0.16508866400228947,0.6301022785629461,-0.37878267564785806,0.9244925379753113,2.492091655731201,0.5962505340576172,1218_170839,1218_170839
5161,-0.1365804813734842,0.37878267564785817,-0.6225819542946882,0.1607011500824504,0.6301022785629461,-0.37878267564785806,0.928011817932129,2.492091655731201,0.5962505340576172,1218_170840,1218_170840
5181,-0.13557533813517458,0.37878267564785817,-0.6225819542946882,0.16464666153053387,0.8576263006371252,-0.37878267564785806,0.9262211489677429,2.492091655731201,0.5962505340576172,1218_170841,1218_170841
5201,-0.13395367051372012,0.37878267564785817,-0.6225819542946882,0.16284715679933573,0.8576263006371252,-0.37878267564785806,0.928999948501587,2.492091655731201,0.5962505340576172,1218_170842,1218_170842
5221,-0.13200268196642995,0.37878267564785817,-0.6225819542946882,0.16089616825204556,0.8576263006371252,-0.37878267564785806,0.9244428968429566,2.492091655731201,0.5962505340576172,1218_170843,1218_170843
5241,-0.1299029540203268,0.37878267564785817,-0.6225819542946882,0.15896953996667068,0.8576263006371252,-0.37878267564785806,0.9240823078155518,2.492091655731201,0.5962505340576172,1218_170843,1218_170843
5261,-0.13543074095554214,0.37878267564785817,-0.6225819542946882,0.16250423071981768,0.8576263006371252,-0.37878267564785806,0.9258199572563172,2.492091655731201,0.5962505340576172,1218_170844,1218_170844
5281,-0.141364619045533,0.37878267564785817,-0.6225819542946882,0.1684381088098085,0.8576263006371252,-0.37878267564785806,0.9271507143974305,2.492091655731201,0.5962505340576172,1218_170845,1218_170845
5301,-0.1414893640535328,0.37878267564785817,-0.6225819542946882,0.16856285381780833,0.8576263006371252,-0.37878267564785806,0.9266980004310608,2.492091655731201,0.5962505340576172,1218_170846,1218_170846
5321,-0.14317516943635147,0.37878267564785817,-0.6225819542946882,0.16506468186267034,0.8576263006371252,-0.37878267564785806,0.9299711465835572,2.492091655731201,0.5962505340576172,1218_170847,1218_170847
5341,-0.1465605092735264,0.37878267564785817,-0.6225819542946882,0.16810493911391905,0.8576263006371252,-0.37878267564785806,0.9304583477973938,2.492091655731201,0.5962505340576172,1218_170848,1218_170848
5361,-0.15239522110136006,0.37878267564785817,-0.6225819542946882,0.17559804456349018,0.8576263006371252,-0.37878267564785806,0.9311327815055848,2.492091655731201,0.5962505340576172,1218_170848,1218_170848
5381,-0.14957829851475032,0.37878267564785817,-0.6225819542946882,0.17278112197688042,0.8576263006371252,-0.37878267564785806,0.9320930242538452,2.492091655731201,0.5962505340576172,1218_170849,1218_170849
5401,-0.15355541683605461,0.37878267564785817,-0.6225819542946882,0.1767582402981847,0.8576263006371252,-0.37878267564785806,0.9308235335350037,2.492091655731201,0.5962505340576172,1218_170850,1218_170850
5421,-0.15605876328576226,0.37878267564785817,-0.6225819542946882,0.1733539805564678,0.8576263006371252,-0.37878267564785806,0.9326660132408142,2.492091655731201,0.5962505340576172,1218_170851,1218_170851
5441,-0.15652111117251727,0.37878267564785817,-0.6225819542946882,0.17410993091417695,0.8576263006371252,-0.37878267564785806,0.9288307404518128,2.492091655731201,0.5962505340576172,1218_170852,1218_170852
5461,-0.16031686596276223,0.37878267564785817,-0.6225819542946882,0.17409306420029325,0.8576263006371252,-0.37878267564785806,0.9317296242713928,2.492091655731201,0.5962505340576172,1218_170853,1218_170853
5481,-0.15977637047671409,0.37878267564785817,-0.6225819542946882,0.17371730396036864,0.8576263006371252,-0.37878267564785806,0.9322925853729248,2.492091655731201,0.5962505340576172,1218_170853,1218_170853
5501,-0.15800585394625408,0.37878267564785817,-0.6225819542946882,0.17310490307987397,0.8576263006371252,-0.37878267564785806,0.9320207047462463,2.492091655731201,0.5962505340576172,1218_170854,1218_170854
5521,-0.16218071731424413,0.37878267564785817,-0.6225819542946882,0.17525444897647147,0.8576263006371252,-0.37878267564785806,0.9288063859939575,2.492091655731201,0.5962505340576172,1218_170855,1218_170855
5541,-0.15773925732078203,0.37878267564785817,-0.6225819542946882,0.17081298898300937,0.8576263006371252,-0.37878267564785806,0.9303605484962464,2.492091655731201,0.5962505340576172,1218_170856,1218_170856
5561,-0.1570838155903138,0.37878267564785817,-0.6225819542946882,0.16971403977592225,0.8576263006371252,-0.37878267564785806,0.9296083068847656,2.492091655731201,0.5962505340576172,1218_170857,1218_170857
5581,-0.15600762945712493,0.37878267564785817,-0.6225819542946882,0.16977846956496923,0.8576263006371252,-0.37878267564785806,0.9269654846191406,2.492091655731201,0.5962505340576172,1218_170857,1218_170857
5601,-0.16080131502895728,0.37878267564785817,-0.6225819542946882,0.16960153905820227,0.8576263006371252,-0.37878267564785806,0.9262807416915894,2.492091655731201,0.5962505340576172,1218_170858,1218_170858
5621,-0.16556964553962394,0.37878267564785817,-0.6225819542946882,0.16950055951830045,0.8576263006371252,-0.37878267564785806,0.926658091545105,2.492091655731201,0.5962505340576172,1218_170859,1218_170859
5641,-0.16627955097861746,0.37878267564785817,-0.6225819542946882,0.1703835646180222,0.8576263006371252,-0.37878267564785806,0.9145029425621033,2.492091655731201,0.5962505340576172,1218_170859,1218_170859
5661,-0.16534774304104807,0.37878267564785817,-0.6225819542946882,0.16770401773209057,0.8576263006371252,-0.37878267564785806,0.9142685842514038,2.492091655731201,0.5962505340576172,1218_170900,1218_170900
5681,-0.16993632883113008,0.37878267564785817,-0.6225819542946882,0.17033834931695727,0.8576263006371252,-0.37878267564785806,0.9127358484268189,2.492091655731201,0.5962505340576172,1218_170901,1218_170901
5701,-0.16751121809348402,0.37878267564785817,-0.6225819542946882,0.16791349438763284,0.8576263006371252,-0.37878267564785806,0.9156868410110474,2.492091655731201,0.5962505340576172,1218_170902,1218_170902
5721,-0.1726033327403767,0.37878267564785817,-0.6225819542946882,0.17566103405724448,0.8576263006371252,-0.37878267564785806,0.913063530921936,2.492091655731201,0.5962505340576172,1218_170902,1218_170902
5741,-0.17737431165789663,0.37878267564785817,-0.6225819542946882,0.1756610340572445,0.8576263006371252,-0.37878267564785806,0.9115210700035096,2.492091655731201,0.5962505340576172,1218_170903,1218_170903
5761,-0.1852494947287728,0.37878267564785817,-0.6225819542946882,0.18381449911553294,0.8576263006371252,-0.37878267564785806,0.9081848812103271,2.492091655731201,0.5955595970153809,1218_170904,1218_170904
5781,-0.18768390974615265,0.37878267564785817,-0.6225819542946882,0.18372143503101415,0.8576263006371252,-0.37878267564785806,0.9062757420539856,2.492091655731201,0.5955595970153809,1218_170904,1218_170904
5801,-0.18982810671236902,0.37878267564785817,-0.6225819542946882,0.18477885529270138,0.8576263006371252,-0.37878267564785806,0.903604691028595,2.492091655731201,0.5955595970153809,1218_170905,1218_170905
5821,-0.19299343080211606,0.37878267564785817,-0.6225819542946882,0.18818649361706608,0.8576263006371252,-0.37878267564785806,0.899561402797699,2.492091655731201,0.5955595970153809,1218_170906,1218_170906
5841,-0.19509249093965955,0.37878267564785817,-0.6225819542946882,0.19038652527271746,0.8576263006371252,-0.37878267564785806,0.8967533040046692,2.492091655731201,0.5955595970153809,1218_170906,1218_170906
5861,-0.20055655353751528,0.37878267564785817,-0.6225819542946882,0.19712433400121124,0.8576263006371252,-0.37878267564785806,0.8963570547103882,2.492091655731201,0.5955595970153809,1218_170907,1218_170907
5881,-0.20155919658599267,0.37878267564785817,-0.6225819542946882,0.19802174410288323,0.8576263006371252,-0.37878267564785806,0.8948540449142456,2.492091655731201,0.5955595970153809,1218_170908,1218_170908
5901,-0.2033923642819641,0.37878267564785817,-0.6225819542946882,0.19969589987026332,0.8576263006371252,-0.37878267564785806,0.9079525637626648,2.492091655731201,0.5955595970153809,1218_170910,1218_170910
5921,-0.20268102029558474,0.37878267564785817,-0.6225819542946882,0.19898455588388395,0.8576263006371252,-0.37878267564785806,0.909704122543335,2.492091655731201,0.5955595970153809,1218_170911,1218_170911
5941,-0.1992489160698766,0.37878267564785817,-0.6225819542946882,0.1955524516581758,0.8576263006371252,-0.37878267564785806,0.9133786249160767,2.492091655731201,0.5955595970153809,1218_170912,1218_170912
5961,-0.1990596245050509,0.37878267564785817,-0.6225819542946882,0.19541379333008824,0.8576263006371252,-0.37878267564785806,0.905978729724884,2.492091655731201,0.5955595970153809,1218_170913,1218_170913
5981,-0.1958179847752632,0.37878267564785817,-0.6225819542946882,0.1944747963203654,0.8576263006371252,-0.37878267564785806,0.9032200098037719,2.492091655731201,0.5955595970153809,1218_170914,1218_170914
6001,-0.1956286932104375,0.37878267564785817,-0.6225819542946882,0.19428550475553968,0.8576263006371252,-0.37878267564785806,0.9010683083534241,2.492091655731201,0.5955595970153809,1218_170915,1218_170915
6021,-0.19336469135303466,0.37878267564785817,-0.6225819542946882,0.19202150289813688,0.8576263006371252,-0.37878267564785806,0.8992512011528015,2.492091655731201,0.5955595970153809,1218_170915,1218_170915
6041,-0.19154738421588202,0.37878267564785817,-0.6225819542946882,0.19188856436695712,0.8576263006371252,-0.37878267564785806,0.8920827078819275,2.492091655731201,0.5955595970153809,1218_170916,1218_170916
6061,-0.19324913875768984,0.37878267564785817,-0.6225819542946882,0.19018680982514927,0.8576263006371252,-0.37878267564785806,0.8852601265907287,2.492091655731201,0.5955595970153809,1218_170917,1218_170917
6081,-0.19765631821118862,0.37878267564785817,-0.6440904385341878,0.18969337957943233,0.8576263006371252,-0.37878267564785806,0.8811815214157105,2.492091655731201,0.5955595970153809,1218_170918,1218_170918
6101,-0.19644210915919488,0.37878267564785817,-0.6440904385341878,0.18807611602228136,0.8576263006371252,-0.37878267564785806,0.8836681199073791,2.492091655731201,0.5955595970153809,1218_170919,1218_170919
6121,-0.1987213277943536,0.37878267564785817,-0.6440904385341878,0.1855448215660626,0.8576263006371252,-0.37878267564785806,0.8841336178779602,2.492091655731201,0.5955595970153809,1218_170920,1218_170920
6141,-0.1976391741284869,0.37878267564785817,-0.6440904385341878,0.18432286188656932,0.8576263006371252,-0.37878267564785806,0.8782171559333801,2.492091655731201,0.5955595970153809,1218_170921,1218_170921
6161,-0.20378981476549932,0.37878267564785817,-0.7939190462192744,0.18176639111472104,0.8576263006371252,-0.37878267564785806,0.8793848752975464,2.492091655731201,0.5955595970153809,1218_170922,1218_170922
6181,-0.2001774322878706,0.37878267564785817,-0.7939190462192744,0.17849465195855604,0.8576263006371252,-0.37878267564785806,0.8821258354187012,2.492091655731201,0.5955595970153809,1218_170923,1218_170923
6201,-0.2001774322878707,0.37878267564785817,-0.7939190462192744,0.17849465195855607,0.8576263006371252,-0.37878267564785806,0.8819726157188416,2.492091655731201,0.5955595970153809,1218_170924,1218_170924
